{"cameraMode":{"drawMode":0,"name":"Shaded","section":"Shading Mode"},"sceneLighting":true,"audioPlay":false,"sceneViewState":{"m_AlwaysRefresh":false,"showFog":true,"showSkybox":true,"showFlares":true,"showImageEffects":true,"showParticleSystems":true,"showVisualEffectGraphs":true,"m_FxEnabled":true},"in2DMode":false,"pivot":{"x":-23.78408432006836,"y":34.70325469970703,"z":-12.237125396728516},"rotation":{"x":0.050653357058763507,"y":-0.024868596345186235,"z":-0.0012606903910636902,"w":-0.9984098076820374},"size":78.6776123046875,"orthographic":false}